{
  "layer_0": {
    "frequencies": [
      0.581913948059082,
      0.9473792314529419,
      0.9493544697761536,
      0.9789724349975586,
      1.2367860078811646,
      1.4378873109817505,
      1.713454008102417,
      1.796729564666748,
      2.0668625831604004,
      2.1036274433135986,
      2.13818359375,
      2.396353006362915,
      2.4512252807617188,
      2.7707643508911133,
      2.8492209911346436,
      3.0400147438049316,
      3.089869737625122,
      3.1211459636688232,
      3.1577870845794678,
      3.1833550930023193,
      3.3314192295074463,
      3.4349284172058105,
      3.6092774868011475,
      3.615845203399658,
      3.724954605102539,
      4.071508884429932,
      4.287820339202881,
      4.875557899475098,
      4.956676006317139,
      5.959855556488037,
      6.317588806152344,
      7.092550277709961
    ],
    "damping": [
      0.05495159700512886,
      0.08110533654689789,
      0.3491211533546448,
      0.263919472694397,
      0.14287534356117249,
      0.10107199847698212,
      0.1347000151872635,
      0.14563894271850586,
      0.43128684163093567,
      0.22317415475845337,
      0.0815763846039772,
      0.05466818809509277,
      0.1752120852470398,
      0.004229174926877022,
      0.05383279547095299,
      0.40009790658950806,
      0.06344734877347946,
      0.09562990814447403,
      0.25300705432891846,
      0.15665936470031738,
      0.33863234519958496,
      0.16873563826084137,
      0.024576976895332336,
      0.3098410964012146,
      0.07350543886423111,
      0.3562639355659485,
      0.1668333262205124,
      0.15386304259300232,
      0.05201959237456322,
      0.12127265334129333,
      0.27599167823791504,
      0.5047335624694824
    ],
    "q_factors": [
      5.29478645324707,
      5.840424537658691,
      1.3596347570419312,
      1.8546801805496216,
      4.32819938659668,
      7.113183498382568,
      6.360259056091309,
      6.168437957763672,
      2.396157741546631,
      4.712972640991211,
      13.10540771484375,
      21.917253494262695,
      6.995023250579834,
      327.5774230957031,
      26.4636173248291,
      3.799088478088379,
      24.349872589111328,
      16.318880081176758,
      6.240511894226074,
      10.160117149353027,
      4.9189324378967285,
      10.178431510925293,
      73.42801666259766,
      5.8349995613098145,
      25.33795166015625,
      5.714174747467041,
      12.850610733032227,
      15.843823432922363,
      47.64239501953125,
      24.572134017944336,
      11.445252418518066,
      7.026033878326416
    ],
    "freq_min": 0.581913948059082,
    "freq_max": 7.092550277709961,
    "freq_mean": 3.0402770042419434,
    "freq_std": 1.5655977725982666,
    "freq_median": 3.0649423599243164,
    "damp_mean": 0.18163982033729553,
    "damp_std": 0.12846992909908295,
    "q_mean": 23.34839630126953,
    "n_underdamped": 32,
    "n_overdamped": 0,
    "n_near_zero": 0
  },
  "layer_1": {
    "frequencies": [
      0.18916404247283936,
      0.21200664341449738,
      0.30549395084381104,
      0.3810994029045105,
      0.5711092352867126,
      0.790193498134613,
      0.8702138662338257,
      1.5037826299667358,
      1.5449663400650024,
      1.7233104705810547,
      1.9597939252853394,
      2.0809197425842285,
      2.166761875152588,
      2.9173641204833984,
      2.931887149810791,
      3.032914400100708,
      3.226210117340088,
      3.3582773208618164,
      3.4083096981048584,
      3.4872841835021973,
      3.4995813369750977,
      3.9291064739227295,
      3.9613075256347656,
      4.3844099044799805,
      4.417247772216797,
      4.62700891494751,
      4.63212776184082,
      4.9225616455078125,
      4.958029747009277,
      5.271693706512451,
      6.84354305267334,
      8.141056060791016
    ],
    "damping": [
      0.3796749413013458,
      0.04518204554915428,
      0.5002918839454651,
      0.3493663966655731,
      0.25649988651275635,
      0.2798983156681061,
      0.30377328395843506,
      0.015948064625263214,
      0.14355763792991638,
      0.013939452357590199,
      0.13378018140792847,
      0.0786299854516983,
      0.08714454621076584,
      0.18079866468906403,
      0.27273479104042053,
      0.08569976687431335,
      0.13740593194961548,
      0.06372205913066864,
      0.041045911610126495,
      0.06836777180433273,
      0.004913731012493372,
      0.22063030302524567,
      0.1442960947751999,
      0.33900779485702515,
      0.3300836384296417,
      0.46702665090560913,
      0.5472673177719116,
      0.031972531229257584,
      0.04952410236001015,
      0.157873272895813,
      0.6801865100860596,
      0.15192624926567078
    ],
    "q_factors": [
      0.24911315739154816,
      2.3461382389068604,
      0.30531570315361023,
      0.5454151034355164,
      1.1132738590240479,
      1.4115724563598633,
      1.4323409795761108,
      47.146240234375,
      5.3809967041015625,
      61.81413650512695,
      7.324679374694824,
      13.232355117797852,
      12.431999206542969,
      8.067991256713867,
      5.374978065490723,
      17.694997787475586,
      11.739705085754395,
      26.35097885131836,
      41.51826095581055,
      25.503860473632812,
      356.1022644042969,
      8.904276847839355,
      13.72631549835205,
      6.4665327072143555,
      6.691103935241699,
      4.953688144683838,
      4.232052326202393,
      76.98110961914062,
      50.05673599243164,
      16.695966720581055,
      5.030637264251709,
      26.792789459228516
    ],
    "freq_min": 0.18916404247283936,
    "freq_max": 8.141056060791016,
    "freq_mean": 3.007772922515869,
    "freq_std": 1.932288408279419,
    "freq_median": 3.1295623779296875,
    "damp_mean": 0.20506781339645386,
    "damp_std": 0.1705569326877594,
    "q_mean": 27.113056182861328,
    "n_underdamped": 30,
    "n_overdamped": 2,
    "n_near_zero": 0
  }
}