{
  "layer_0": {
    "frequencies": [
      0.581905722618103,
      0.9473772048950195,
      0.9493495225906372,
      0.9789716601371765,
      1.2367838621139526,
      1.4378854036331177,
      1.7134544849395752,
      1.796729564666748,
      2.066864252090454,
      2.1036291122436523,
      2.1381828784942627,
      2.3963522911071777,
      2.451223611831665,
      2.7707648277282715,
      2.84922194480896,
      3.040013551712036,
      3.0898709297180176,
      3.121145248413086,
      3.1577863693237305,
      3.1833558082580566,
      3.331418037414551,
      3.434926748275757,
      3.609276294708252,
      3.6158447265625,
      3.7249536514282227,
      4.071508884429932,
      4.287819862365723,
      4.875557899475098,
      4.956675052642822,
      5.959855079650879,
      6.317587852478027,
      7.092549800872803
    ],
    "damping": [
      0.05495572090148926,
      0.08110439032316208,
      0.34913161396980286,
      0.26392269134521484,
      0.1428811252117157,
      0.10107488185167313,
      0.13469599187374115,
      0.14564254879951477,
      0.43128907680511475,
      0.2231716811656952,
      0.0815802589058876,
      0.05466969683766365,
      0.1752222180366516,
      0.004226963501423597,
      0.05383719503879547,
      0.40009263157844543,
      0.06343778967857361,
      0.09562203288078308,
      0.25301116704940796,
      0.15665067732334137,
      0.3386385142803192,
      0.16873839497566223,
      0.02458379417657852,
      0.30984172224998474,
      0.07350702583789825,
      0.3562583327293396,
      0.1668417900800705,
      0.1538604497909546,
      0.052022673189640045,
      0.12126456201076508,
      0.2759968340396881,
      0.504725456237793
    ],
    "q_factors": [
      5.294314384460449,
      5.840480327606201,
      1.3595868349075317,
      1.8546561002731323,
      4.328016757965088,
      7.11297082901001,
      6.360450744628906,
      6.168285369873047,
      2.3961472511291504,
      4.713028907775879,
      13.104781150817871,
      21.916641235351562,
      6.994614124298096,
      327.74884033203125,
      26.461463928222656,
      3.7991371154785156,
      24.353551864624023,
      16.320220947265625,
      6.240408897399902,
      10.160683631896973,
      4.9188408851623535,
      10.178260803222656,
      73.40763092041016,
      5.834986686706543,
      25.337398529052734,
      5.714264869689941,
      12.849957466125488,
      15.844090461730957,
      47.639564514160156,
      24.57377052307129,
      11.445036888122559,
      7.026146411895752
    ],
    "freq_min": 0.581905722618103,
    "freq_max": 7.092549800872803,
    "freq_mean": 3.040276288986206,
    "freq_std": 1.5655982494354248,
    "freq_median": 3.0649423599243164,
    "damp_mean": 0.181640625,
    "damp_std": 0.12846961617469788,
    "q_mean": 23.353069305419922,
    "n_underdamped": 32,
    "n_overdamped": 0,
    "n_near_zero": 0
  },
  "layer_1": {
    "frequencies": [
      0.18915922939777374,
      0.2120310217142105,
      0.3054759204387665,
      0.38109496235847473,
      0.5711007714271545,
      0.7901877760887146,
      0.8702085614204407,
      1.5037858486175537,
      1.5449628829956055,
      1.7233104705810547,
      1.95979642868042,
      2.080920457839966,
      2.1667609214782715,
      2.9173638820648193,
      2.931887149810791,
      3.0329136848449707,
      3.2262096405029297,
      3.358278274536133,
      3.408308982849121,
      3.4872846603393555,
      3.499579906463623,
      3.9291069507598877,
      3.961306571960449,
      4.384409427642822,
      4.417247295379639,
      4.627008438110352,
      4.63212776184082,
      4.922561168670654,
      4.958028316497803,
      5.271693229675293,
      6.843542575836182,
      8.1410551071167
    ],
    "damping": [
      0.37966495752334595,
      0.04518229886889458,
      0.5002806782722473,
      0.3493644595146179,
      0.25651004910469055,
      0.2798948287963867,
      0.3037838935852051,
      0.01594732515513897,
      0.14356327056884766,
      0.013947248458862305,
      0.13376982510089874,
      0.07863172888755798,
      0.08713491261005402,
      0.18080134689807892,
      0.27273163199424744,
      0.08570820838212967,
      0.13740791380405426,
      0.06371438503265381,
      0.0410478450357914,
      0.06836583465337753,
      0.0049141086637973785,
      0.2206224948167801,
      0.14430171251296997,
      0.33900925517082214,
      0.3300834596157074,
      0.46702730655670166,
      0.5472639799118042,
      0.0319729819893837,
      0.04953581094741821,
      0.15787315368652344,
      0.6801784038543701,
      0.15191712975502014
    ],
    "q_factors": [
      0.24911336600780487,
      2.3463947772979736,
      0.30530452728271484,
      0.5454117655754089,
      1.113213300704956,
      1.4115798473358154,
      1.4322822093963623,
      47.148529052734375,
      5.380773544311523,
      61.77958679199219,
      7.325255870819092,
      13.23206615447998,
      12.433368682861328,
      8.06787109375,
      5.375040531158447,
      17.69325065612793,
      11.739533424377441,
      26.35416030883789,
      41.51629638671875,
      25.504587173461914,
      356.0747375488281,
      8.904592514038086,
      13.725778579711914,
      6.466504096984863,
      6.691106796264648,
      4.953680992126465,
      4.2320780754089355,
      76.98001098632812,
      50.04488754272461,
      16.69597816467285,
      5.030696868896484,
      26.794395446777344
    ],
    "freq_min": 0.18915922939777374,
    "freq_max": 8.1410551071167,
    "freq_mean": 3.0077719688415527,
    "freq_std": 1.9322888851165771,
    "freq_median": 3.12956166267395,
    "damp_mean": 0.20506727695465088,
    "damp_std": 0.17055490612983704,
    "q_mean": 27.110877990722656,
    "n_underdamped": 30,
    "n_overdamped": 2,
    "n_near_zero": 0
  }
}