{
  "experiment": "corn_m5_to_mp6_moisture",
  "n_transfer": 30,
  "n_test": 50,
  "timestamp": "2026-02-10T04:25:49.690940",
  "results": {
    "No_Transfer": {
      "r2": -21.458841814246558,
      "rmsep": 1.8687912709851071,
      "rpd": 0.21101159577170067,
      "bias": -1.844424180182342,
      "slope": 0.8832940615014827,
      "n_components": 15
    },
    "Target_Direct": {
      "r2": 0.692796529382616,
      "rmsep": 0.21856477876472824,
      "rpd": 1.804209398806895,
      "bias": -0.008604962589045684,
      "slope": 1.0482160521691932,
      "n_components": 15
    },
    "PDS": {
      "r2": -16.904617281001183,
      "rmsep": 1.6685900128991302,
      "rpd": 0.2363292511664451,
      "bias": -1.656099656041707,
      "slope": 1.041836521272159,
      "n_components": 15
    },
    "SBC": {
      "r2": -18.457977342180428,
      "rmsep": 1.7394660843799132,
      "rpd": 0.22669980851842644,
      "bias": -1.7393476809073025,
      "slope": 0.9660616031151985,
      "n_components": 15
    },
    "DS": {
      "r2": -16.532601968556296,
      "rmsep": 1.6511643582693152,
      "rpd": 0.23882336502547752,
      "bias": -1.641606150062526,
      "slope": 0.9995087424111596,
      "n_components": 15
    }
  }
}